{"('13A', '23A')": [-0.32974495079798294, 1.8279366689948336e-05], "('13A', '25B')": [-0.3167999045092039, 3.786503936876804e-05], "('2A', '23A')": [-0.30141751398142536, 7.546118951785378e-05], "('16A', '27A')": [-0.24792579515399432, 0.0010061016345470442], "('9A', '26A')": [-0.24108015282115627, 3.338223150130476e-05], "('2A', '22A')": [-0.2404909945349472, 0.00584938749168472], "('9A', '22A')": [-0.23471481875423306, 0.008691252318262968], "('13A', '21A')": [-0.21941559144121892, 0.009195332641849402], "('9A', '29A')": [-0.19536523991671195, 0.007372422789327533], "('13A', '28A')": [-0.1942867548959112, 0.008586229123144327], "('13A', '29A')": [-0.18480546207722878, 0.012506004285770757], "('2A', '21A')": [-0.18404331227717796, 0.02834278409348481], "('11A', '22A')": [-0.17344204923268144, 0.04844689250841758], "('9A', '25B')": [-0.16715980316820866, 0.043004650546267356], "('11A', '27A')": [-0.15157476012341312, 0.03633457207992249], "('11A', '26A')": [-0.12240893457749917, 0.020878272781319106], "('2A', '26A')": [-0.1109992779145533, 0.0363101029980603], "('4A', '28A')": [0.14488796648435584, 0.04609737301300787], "('9A', '27A')": [0.15466593621156005, 0.04157421321938254], "('3A', '27A')": [0.16205369227562383, 0.025107124265969283], "('12A', '24A')": [0.1632966128831822, 0.044415291114268486], "('3A', '29A')": [0.17182971733133517, 0.017762206375946048], "('12A', '21A')": [0.172742900149415, 0.04353099372561381], "('13A', '20A')": [0.17725948213822984, 0.03615498184105807], "('12A', '29A')": [0.18225861078365083, 0.014334634156409919], "('16A', '21A')": [0.19944023312428238, 0.04341100103618033], "('8A', '29A')": [0.19944767822295192, 0.0058008989057782056], "('11A', '28A')": [0.2021028192388239, 0.005289391615735225], "('7A', '22A')": [0.20465513869294782, 0.019508488738759995], "('3A', '23A')": [0.2069300848407061, 0.0072933188345174396], "('8A', '23A')": [0.20854164680544707, 0.006840482938734508], "('14A', '27A')": [0.21347817193993346, 0.0045598643388983515], "('12A', '28A')": [0.23374321577445664, 0.0015884979530538356], "('10A', '21A')": [0.2665598941283009, 0.002999069920562081], "('12A', '23A')": [0.2681188893471633, 0.0007435163724003923]}